[
    {
        "Antibac": "FALSE",
        "Rating": "5",
        "Comment": "When i got my sample from everyday me... I was so amaze that the small amount it smell fresh... And. Amazing as always…",
        "Date": "13/11/2017",
        "tweet_week_wise": "#VALUE!",
        "pos_count": "0",
        "neg_count": "0",
        "sentiment": "Neutral",
        "sentiment_score": "0",
        "good": "0",
        "like": "0",
        "love": "0",
        "great": "0",
        "amazing": "0",
        "buy": "0",
        "cost": "0",
        "price": "0",
        "bought": "0",
        "color": "0",
        "colour": "0",
        "play": "0",
        "bad": "0",
        "pay": "0",
        "fun": "0",
        "win": "0",
        "category": "",
        "country": "Philippines",
        "Tweet_on_odour": "TRUE",
        "Tweet_on_fabric": "FALSE",
        "Tweet_on_price": "FALSE",
        "Tweet_on_quality": "FALSE",
        "lemon": "FALSE"
    },
    {
        "Antibac": "FALSE",
        "Rating": "5",
        "Comment": "I have been using joy dishwashing liquid since i got a baby wayback 2010.. i am fully satisfied on its quality because i can see and feel its cleaning effect specially on my baby's feeding bottles. With joy i am fully confident that my kids dishes are safe from any bacteria that could be form if not using \"joy\". Now ive got my 2nd baby and still loyal in using Joy dishwashing liquid...Its fragrance is a plus factor and its smooth effect on my hands..",
        "Date": "10/11/17",
        "tweet_week_wise": "10/14/17",
        "pos_count": "0",
        "neg_count": "1",
        "sentiment": "Negative",
        "sentiment_score": "1",
        "good": "0",
        "like": "0",
        "love": "0",
        "great": "0",
        "amazing": "0",
        "buy": "0",
        "cost": "0",
        "price": "0",
        "bought": "0",
        "color": "0",
        "colour": "0",
        "play": "0",
        "bad": "0",
        "pay": "0",
        "fun": "0",
        "win": "0",
        "category": "",
        "country": "Philippines",
        "Tweet_on_odour": "TRUE",
        "Tweet_on_fabric": "TRUE",
        "Tweet_on_price": "FALSE",
        "Tweet_on_quality": "FALSE",
        "lemon": "FALSE"
    },
    {
        "Antibac": "FALSE",
        "Rating": "5",
        "Comment": "Madalas ko itong gamiting pang hugas ng dishes, natuwa kasi ako dahil ang bango nya at nakakatanggal ng sebo, plus ang gaan sa kamay para kang nag lotion after mag hugas ng pinggan dahil ang lambot nya sa kamay. Thumbs up Joy Lavander and lemon.",
        "Date": "7/11/17",
        "tweet_week_wise": "7/15/17",
        "pos_count": "2",
        "neg_count": "0",
        "sentiment": "Positive",
        "sentiment_score": "2",
        "good": "0",
        "like": "0",
        "love": "0",
        "great": "0",
        "amazing": "0",
        "buy": "0",
        "cost": "0",
        "price": "0",
        "bought": "0",
        "color": "0",
        "colour": "0",
        "play": "0",
        "bad": "0",
        "pay": "0",
        "fun": "0",
        "win": "0",
        "category": "",
        "country": "Philippines",
        "Tweet_on_odour": "FALSE",
        "Tweet_on_fabric": "FALSE",
        "Tweet_on_price": "FALSE",
        "Tweet_on_quality": "FALSE",
        "lemon": "TRUE"
    },
    {
        "Antibac": "FALSE",
        "Rating": "5",
        "Comment": "We are one of the loyal consumers of Joy dishwashing liquid . When I was in grade 4 I started washing our plates everyday . I enjoyed it so much because of the bubbles on the sponge and thanks to your new product and it means a lot to me bcoz my favorite lavender and lemon scent are combines together !!!! Yey ! It's a big big thumbs up fellas . Highly recommended .",
        "Date": "26/10/2017",
        "tweet_week_wise": "#VALUE!",
        "pos_count": "5",
        "neg_count": "1",
        "sentiment": "Positive",
        "sentiment_score": "4",
        "good": "0",
        "like": "0",
        "love": "0",
        "great": "0",
        "amazing": "0",
        "buy": "0",
        "cost": "0",
        "price": "0",
        "bought": "0",
        "color": "0",
        "colour": "0",
        "play": "0",
        "bad": "0",
        "pay": "0",
        "fun": "0",
        "win": "0",
        "category": "",
        "country": "Philippines",
        "Tweet_on_odour": "TRUE",
        "Tweet_on_fabric": "FALSE",
        "Tweet_on_price": "FALSE",
        "Tweet_on_quality": "FALSE",
        "lemon": "TRUE"
    },
    {
        "Antibac": "TRUE",
        "Rating": "5",
        "Comment": "Joy ang gamit namin sa bahay na dishwashing soap. We use lemon, antibac and lavender & lemon. Sa tatlo pinaka-gusto ko ang lavender & lemon kc sobrang bango.. I enjoy cleaning the dishes pag pink na kulay ng dishwashing liquid namin... Joy dishwashing liquid, super recommended.. :)",
        "Date": "25/10/2017",
        "tweet_week_wise": "#VALUE!",
        "pos_count": "2",
        "neg_count": "0",
        "sentiment": "Positive",
        "sentiment_score": "2",
        "good": "0",
        "like": "0",
        "love": "0",
        "great": "0",
        "amazing": "0",
        "buy": "0",
        "cost": "0",
        "price": "0",
        "bought": "0",
        "color": "0",
        "colour": "0",
        "play": "0",
        "bad": "0",
        "pay": "0",
        "fun": "0",
        "win": "0",
        "category": "",
        "country": "Philippines",
        "Tweet_on_odour": "FALSE",
        "Tweet_on_fabric": "TRUE",
        "Tweet_on_price": "FALSE",
        "Tweet_on_quality": "FALSE",
        "lemon": "TRUE"
    },
    {
        "Antibac": "FALSE",
        "Rating": "5",
        "Comment": "Mabango, nakakatanggal Ng malansang Amoy at sobrang lambot s kamay iwas ipis pa. Sana magkaroon pa Ako Ng Maraming joy kase araw araw kmi Ng huhugas Ng pinggan at Minsan Wala kmi pambili Ng joy Kaya Minsan malangsa Ang aming Mga Plato at Amoy bareta..Kya Sana mapili Ako Dto",
        "Date": "19/10/2017",
        "tweet_week_wise": "#VALUE!",
        "pos_count": "0",
        "neg_count": "0",
        "sentiment": "Neutral",
        "sentiment_score": "0",
        "good": "0",
        "like": "0",
        "love": "0",
        "great": "0",
        "amazing": "0",
        "buy": "0",
        "cost": "0",
        "price": "0",
        "bought": "0",
        "color": "0",
        "colour": "0",
        "play": "0",
        "bad": "0",
        "pay": "0",
        "fun": "0",
        "win": "0",
        "category": "",
        "country": "Philippines",
        "Tweet_on_odour": "FALSE",
        "Tweet_on_fabric": "FALSE",
        "Tweet_on_price": "FALSE",
        "Tweet_on_quality": "FALSE",
        "lemon": "FALSE"
    },
    {
        "Antibac": "FALSE",
        "Rating": "5",
        "Comment": "Joy is far and away the best detergent price-wise. It requires the least amount, cleans well and does not leave a residue. To top it all off, this new scent rocks! Savemore was out of Joy, so I bought Palmolive and was really disappointed; it leaves a slippery residue which means dropping dishes. Other products and store brands are significantly more diluted and do not go as far. It is worth the cost!",
        "Date": "15/10/2017",
        "tweet_week_wise": "#VALUE!",
        "pos_count": "2",
        "neg_count": "0",
        "sentiment": "Positive",
        "sentiment_score": "2",
        "good": "0",
        "like": "0",
        "love": "0",
        "great": "0",
        "amazing": "0",
        "buy": "0",
        "cost": "0",
        "price": "0",
        "bought": "0",
        "color": "0",
        "colour": "0",
        "play": "0",
        "bad": "0",
        "pay": "0",
        "fun": "0",
        "win": "0",
        "category": "",
        "country": "Philippines",
        "Tweet_on_odour": "TRUE",
        "Tweet_on_fabric": "FALSE",
        "Tweet_on_price": "FALSE",
        "Tweet_on_quality": "FALSE",
        "lemon": "FALSE"
    },
    {
        "Antibac": "FALSE",
        "Rating": "5",
        "Comment": "when i used this product hindi ako nagsisisi kasi napaka bisa sa mga hugasing pinaglutuan. and very safe to used it on all the bottles for my baby. it is highly recommended to all the mommies...",
        "Date": "14/10/2017",
        "tweet_week_wise": "#VALUE!",
        "pos_count": "2",
        "neg_count": "0",
        "sentiment": "Positive",
        "sentiment_score": "2",
        "good": "0",
        "like": "1",
        "love": "0",
        "great": "0",
        "amazing": "0",
        "buy": "0",
        "cost": "0",
        "price": "0",
        "bought": "0",
        "color": "0",
        "colour": "0",
        "play": "0",
        "bad": "0",
        "pay": "0",
        "fun": "0",
        "win": "0",
        "category": "like",
        "country": "Philippines",
        "Tweet_on_odour": "FALSE",
        "Tweet_on_fabric": "FALSE",
        "Tweet_on_price": "FALSE",
        "Tweet_on_quality": "FALSE",
        "lemon": "FALSE"
    },
    {
        "Antibac": "FALSE",
        "Rating": "4",
        "Comment": "The best cleanser for dishes as it wipes out every single stain and dirt. It also has a fresh scent of Lavender and Lemon making dishwashing worthwhile.",
        "Date": "13/10/2017",
        "tweet_week_wise": "#VALUE!",
        "pos_count": "1",
        "neg_count": "2",
        "sentiment": "Negative",
        "sentiment_score": "1",
        "good": "0",
        "like": "0",
        "love": "0",
        "great": "0",
        "amazing": "0",
        "buy": "0",
        "cost": "0",
        "price": "0",
        "bought": "0",
        "color": "0",
        "colour": "0",
        "play": "0",
        "bad": "0",
        "pay": "0",
        "fun": "0",
        "win": "0",
        "category": "",
        "country": "Philippines",
        "Tweet_on_odour": "TRUE",
        "Tweet_on_fabric": "FALSE",
        "Tweet_on_price": "FALSE",
        "Tweet_on_quality": "FALSE",
        "lemon": "TRUE"
    },
    {
        "Antibac": "FALSE",
        "Rating": "5",
        "Comment": "get rid of foul smell... Even to my baby bottle and baby utensils... Highly recommended.. :)",
        "Date": "13/10/2017",
        "tweet_week_wise": "#VALUE!",
        "pos_count": "1",
        "neg_count": "1",
        "sentiment": "Neutral",
        "sentiment_score": "0",
        "good": "0",
        "like": "0",
        "love": "0",
        "great": "0",
        "amazing": "0",
        "buy": "0",
        "cost": "0",
        "price": "0",
        "bought": "0",
        "color": "0",
        "colour": "0",
        "play": "0",
        "bad": "0",
        "pay": "0",
        "fun": "0",
        "win": "0",
        "category": "",
        "country": "Philippines",
        "Tweet_on_odour": "TRUE",
        "Tweet_on_fabric": "FALSE",
        "Tweet_on_price": "FALSE",
        "Tweet_on_quality": "FALSE",
        "lemon": "FALSE"
    },
    {
        "Antibac": "FALSE",
        "Rating": "5",
        "Comment": "high quality compare with other brands... it's highly recommended for mothers like me",
        "Date": "12/10/17",
        "tweet_week_wise": "12/16/17",
        "pos_count": "1",
        "neg_count": "0",
        "sentiment": "Positive",
        "sentiment_score": "1",
        "good": "0",
        "like": "0",
        "love": "0",
        "great": "0",
        "amazing": "0",
        "buy": "0",
        "cost": "0",
        "price": "0",
        "bought": "0",
        "color": "0",
        "colour": "0",
        "play": "0",
        "bad": "0",
        "pay": "0",
        "fun": "0",
        "win": "0",
        "category": "",
        "country": "Philippines",
        "Tweet_on_odour": "FALSE",
        "Tweet_on_fabric": "FALSE",
        "Tweet_on_price": "FALSE",
        "Tweet_on_quality": "FALSE",
        "lemon": "FALSE"
    },
    {
        "Antibac": "FALSE",
        "Rating": "5",
        "Comment": "Highly recommended product. D ka bibiguin lalo na sa masebong hugasan.",
        "Date": "11/10/17",
        "tweet_week_wise": "11/11/17",
        "pos_count": "3",
        "neg_count": "1",
        "sentiment": "Positive",
        "sentiment_score": "2",
        "good": "0",
        "like": "0",
        "love": "0",
        "great": "0",
        "amazing": "1",
        "buy": "0",
        "cost": "0",
        "price": "0",
        "bought": "0",
        "color": "0",
        "colour": "0",
        "play": "0",
        "bad": "0",
        "pay": "0",
        "fun": "0",
        "win": "0",
        "category": "amazing",
        "country": "Philippines",
        "Tweet_on_odour": "FALSE",
        "Tweet_on_fabric": "FALSE",
        "Tweet_on_price": "FALSE",
        "Tweet_on_quality": "FALSE",
        "lemon": "FALSE"
    },
    {
        "Antibac": "FALSE",
        "Rating": "5",
        "Comment": "Bango at kintab ng mga plato nmin. The best tlga ang joy mdami kpa mhuhugasan",
        "Date": "10/10/17",
        "tweet_week_wise": "10/14/17",
        "pos_count": "0",
        "neg_count": "0",
        "sentiment": "Neutral",
        "sentiment_score": "0",
        "good": "0",
        "like": "0",
        "love": "0",
        "great": "0",
        "amazing": "0",
        "buy": "0",
        "cost": "0",
        "price": "0",
        "bought": "0",
        "color": "0",
        "colour": "0",
        "play": "0",
        "bad": "0",
        "pay": "0",
        "fun": "0",
        "win": "0",
        "category": "",
        "country": "Philippines",
        "Tweet_on_odour": "FALSE",
        "Tweet_on_fabric": "FALSE",
        "Tweet_on_price": "FALSE",
        "Tweet_on_quality": "FALSE",
        "lemon": "FALSE"
    },
    {
        "Antibac": "FALSE",
        "Rating": "4",
        "Comment": "Very effective sya... First really get rid of foul smell... 2nd tanggal talaga lahat ng mantika.... We use joy eversince.. Even to my baby bottle and baby utensils Thanks joy",
        "Date": "9/10/17",
        "tweet_week_wise": "9/16/17",
        "pos_count": "1",
        "neg_count": "0",
        "sentiment": "Positive",
        "sentiment_score": "1",
        "good": "0",
        "like": "0",
        "love": "0",
        "great": "0",
        "amazing": "0",
        "buy": "0",
        "cost": "0",
        "price": "0",
        "bought": "0",
        "color": "0",
        "colour": "0",
        "play": "0",
        "bad": "0",
        "pay": "0",
        "fun": "0",
        "win": "0",
        "category": "",
        "country": "Philippines",
        "Tweet_on_odour": "TRUE",
        "Tweet_on_fabric": "FALSE",
        "Tweet_on_price": "FALSE",
        "Tweet_on_quality": "FALSE",
        "lemon": "FALSE"
    },
    {
        "Antibac": "FALSE",
        "Rating": "5",
        "Comment": "Before we used paste in washing dishes aksayado sa tubig at magastos so we tried joy dishwashing liquid i can say na super sulit sa time, money and effort mas marami pang nahhugasan. Big savings for the users. Thank you so much to joy!",
        "Date": "7/10/17",
        "tweet_week_wise": "7/15/17",
        "pos_count": "0",
        "neg_count": "0",
        "sentiment": "Neutral",
        "sentiment_score": "0",
        "good": "0",
        "like": "0",
        "love": "0",
        "great": "0",
        "amazing": "0",
        "buy": "0",
        "cost": "0",
        "price": "0",
        "bought": "0",
        "color": "0",
        "colour": "0",
        "play": "0",
        "bad": "0",
        "pay": "0",
        "fun": "0",
        "win": "0",
        "category": "",
        "country": "Philippines",
        "Tweet_on_odour": "FALSE",
        "Tweet_on_fabric": "FALSE",
        "Tweet_on_price": "FALSE",
        "Tweet_on_quality": "FALSE",
        "lemon": "FALSE"
    },
    {
        "Antibac": "FALSE",
        "Rating": "5",
        "Comment": "My family has been using Joy Dishwashing liquid for many years. When i became a mom as well i entrusted this product for cleaning dishes, utensils, pots and also my baby's feeding bottles. When using Joy it makes my job easier. It is highly recommended.",
        "Date": "7/10/17",
        "tweet_week_wise": "7/15/17",
        "pos_count": "0",
        "neg_count": "0",
        "sentiment": "Neutral",
        "sentiment_score": "0",
        "good": "0",
        "like": "0",
        "love": "0",
        "great": "0",
        "amazing": "0",
        "buy": "0",
        "cost": "0",
        "price": "0",
        "bought": "0",
        "color": "0",
        "colour": "0",
        "play": "0",
        "bad": "0",
        "pay": "0",
        "fun": "0",
        "win": "0",
        "category": "",
        "country": "Philippines",
        "Tweet_on_odour": "FALSE",
        "Tweet_on_fabric": "TRUE",
        "Tweet_on_price": "FALSE",
        "Tweet_on_quality": "FALSE",
        "lemon": "FALSE"
    },
    {
        "Antibac": "FALSE",
        "Rating": "5",
        "Comment": "ilove this product bukod sa matipid ng gamitin malambot pa sa kamay",
        "Date": "6/10/17",
        "tweet_week_wise": "6/10/17",
        "pos_count": "2",
        "neg_count": "0",
        "sentiment": "Positive",
        "sentiment_score": "2",
        "good": "0",
        "like": "0",
        "love": "0",
        "great": "0",
        "amazing": "0",
        "buy": "0",
        "cost": "0",
        "price": "0",
        "bought": "0",
        "color": "0",
        "colour": "0",
        "play": "0",
        "bad": "0",
        "pay": "0",
        "fun": "0",
        "win": "0",
        "category": "",
        "country": "Philippines",
        "Tweet_on_odour": "FALSE",
        "Tweet_on_fabric": "FALSE",
        "Tweet_on_price": "FALSE",
        "Tweet_on_quality": "FALSE",
        "lemon": "FALSE"
    },
    {
        "Antibac": "FALSE",
        "Rating": "5",
        "Comment": "Since then, ayoko talagang magluto ng mga mamantikang pagkain kasi sobrang nahihirapan ako maghugas kasi ang hirap tanggalin ng mga mantikang dumikit sa mga plato at sa ibang utensils na ginagamit ko :) pero mula nung nirecommend sa akin ng mama ko ang mga produkto ng Joy Diswashing ay na amaze ako at biglang sinipag magluto. Thanks to Joy Lavender and Lemon dahil sa super galing nitong magremove ng mga dumi at mantika sa mga hugasin. Hindi lang mabango, maaasahan pa. Ngayon, kahit anong oras ay nagluluto ako dahil hindi ko na problema ang pagtanggal ng mga unwanted na dumi at mantika sa mga utensils ko. Thankyou Joy!",
        "Date": "6/10/17",
        "tweet_week_wise": "6/10/17",
        "pos_count": "2",
        "neg_count": "0",
        "sentiment": "Positive",
        "sentiment_score": "2",
        "good": "0",
        "like": "0",
        "love": "0",
        "great": "0",
        "amazing": "0",
        "buy": "0",
        "cost": "0",
        "price": "0",
        "bought": "0",
        "color": "0",
        "colour": "0",
        "play": "0",
        "bad": "0",
        "pay": "0",
        "fun": "0",
        "win": "0",
        "category": "",
        "country": "Philippines",
        "Tweet_on_odour": "FALSE",
        "Tweet_on_fabric": "FALSE",
        "Tweet_on_price": "FALSE",
        "Tweet_on_quality": "FALSE",
        "lemon": "TRUE"
    },
    {
        "Antibac": "FALSE",
        "Rating": "5",
        "Comment": "I really love joy products it give me my satisfaction. Highly recommended.",
        "Date": "6/10/17",
        "tweet_week_wise": "6/10/17",
        "pos_count": "3",
        "neg_count": "1",
        "sentiment": "Positive",
        "sentiment_score": "2",
        "good": "0",
        "like": "1",
        "love": "0",
        "great": "0",
        "amazing": "0",
        "buy": "0",
        "cost": "0",
        "price": "0",
        "bought": "0",
        "color": "0",
        "colour": "0",
        "play": "0",
        "bad": "0",
        "pay": "0",
        "fun": "0",
        "win": "0",
        "category": "like",
        "country": "Philippines",
        "Tweet_on_odour": "FALSE",
        "Tweet_on_fabric": "FALSE",
        "Tweet_on_price": "FALSE",
        "Tweet_on_quality": "FALSE",
        "lemon": "FALSE"
    },
    {
        "Antibac": "FALSE",
        "Rating": "5",
        "Comment": "Araw araw kong ginagamit to and yung anti bacterial para naman sa feeding bottles ng mga babies ko..",
        "Date": "6/10/17",
        "tweet_week_wise": "6/10/17",
        "pos_count": "3",
        "neg_count": "3",
        "sentiment": "Neutral",
        "sentiment_score": "0",
        "good": "0",
        "like": "0",
        "love": "0",
        "great": "0",
        "amazing": "0",
        "buy": "0",
        "cost": "0",
        "price": "0",
        "bought": "0",
        "color": "0",
        "colour": "0",
        "play": "0",
        "bad": "0",
        "pay": "0",
        "fun": "0",
        "win": "0",
        "category": "",
        "country": "Philippines",
        "Tweet_on_odour": "FALSE",
        "Tweet_on_fabric": "FALSE",
        "Tweet_on_price": "FALSE",
        "Tweet_on_quality": "FALSE",
        "lemon": "FALSE"
    },
    {
        "Antibac": "FALSE",
        "Rating": "5",
        "Comment": "Walang pagtatalo. The best ang joy pagdating sa hugasin.",
        "Date": "6/10/17",
        "tweet_week_wise": "6/10/17",
        "pos_count": "2",
        "neg_count": "0",
        "sentiment": "Positive",
        "sentiment_score": "2",
        "good": "0",
        "like": "0",
        "love": "0",
        "great": "0",
        "amazing": "0",
        "buy": "0",
        "cost": "0",
        "price": "0",
        "bought": "0",
        "color": "0",
        "colour": "0",
        "play": "0",
        "bad": "0",
        "pay": "0",
        "fun": "0",
        "win": "0",
        "category": "",
        "country": "Philippines",
        "Tweet_on_odour": "FALSE",
        "Tweet_on_fabric": "FALSE",
        "Tweet_on_price": "FALSE",
        "Tweet_on_quality": "FALSE",
        "lemon": "FALSE"
    },
    {
        "Antibac": "FALSE",
        "Rating": "5",
        "Comment": "Sobrang nkakatipid dahil sa isang patak lng marami na ang pwedeng mahugasan. Npakabango at napakabula.",
        "Date": "6/10/17",
        "tweet_week_wise": "6/10/17",
        "pos_count": "3",
        "neg_count": "0",
        "sentiment": "Positive",
        "sentiment_score": "3",
        "good": "0",
        "like": "0",
        "love": "0",
        "great": "0",
        "amazing": "0",
        "buy": "0",
        "cost": "0",
        "price": "0",
        "bought": "0",
        "color": "0",
        "colour": "0",
        "play": "0",
        "bad": "0",
        "pay": "0",
        "fun": "0",
        "win": "0",
        "category": "",
        "country": "Philippines",
        "Tweet_on_odour": "FALSE",
        "Tweet_on_fabric": "FALSE",
        "Tweet_on_price": "FALSE",
        "Tweet_on_quality": "FALSE",
        "lemon": "FALSE"
    },
    {
        "Antibac": "FALSE",
        "Rating": "5",
        "Comment": "Awesome product highly recommended to people who are very Ocdc",
        "Date": "6/10/17",
        "tweet_week_wise": "6/10/17",
        "pos_count": "2",
        "neg_count": "0",
        "sentiment": "Positive",
        "sentiment_score": "2",
        "good": "0",
        "like": "0",
        "love": "0",
        "great": "0",
        "amazing": "0",
        "buy": "0",
        "cost": "0",
        "price": "0",
        "bought": "0",
        "color": "0",
        "colour": "0",
        "play": "0",
        "bad": "0",
        "pay": "0",
        "fun": "0",
        "win": "0",
        "category": "",
        "country": "Philippines",
        "Tweet_on_odour": "FALSE",
        "Tweet_on_fabric": "FALSE",
        "Tweet_on_price": "FALSE",
        "Tweet_on_quality": "FALSE",
        "lemon": "FALSE"
    },
    {
        "Antibac": "FALSE",
        "Rating": "5",
        "Comment": "I rather used bar or powder soap when joy liquid is out of stock in our house rather than using other brand because joy is only the one that meet my standard when it comes to cleanliness.",
        "Date": "6/10/17",
        "tweet_week_wise": "6/10/17",
        "pos_count": "1",
        "neg_count": "2",
        "sentiment": "Negative",
        "sentiment_score": "1",
        "good": "0",
        "like": "0",
        "love": "1",
        "great": "0",
        "amazing": "0",
        "buy": "0",
        "cost": "0",
        "price": "0",
        "bought": "0",
        "color": "0",
        "colour": "0",
        "play": "0",
        "bad": "0",
        "pay": "0",
        "fun": "0",
        "win": "0",
        "category": "love",
        "country": "Philippines",
        "Tweet_on_odour": "FALSE",
        "Tweet_on_fabric": "FALSE",
        "Tweet_on_price": "FALSE",
        "Tweet_on_quality": "FALSE",
        "lemon": "FALSE"
    },
    {
        "Antibac": "FALSE",
        "Rating": "4",
        "Comment": "Mabango at nakakatangal ng mantika s mga plato at isang patak lang tangal stain na, safe gamitin ang mga plato pag joy lavander diswashing ang gamit.",
        "Date": "3/10/17",
        "tweet_week_wise": "3/11/17",
        "pos_count": "0",
        "neg_count": "0",
        "sentiment": "Neutral",
        "sentiment_score": "0",
        "good": "0",
        "like": "0",
        "love": "1",
        "great": "0",
        "amazing": "0",
        "buy": "0",
        "cost": "0",
        "price": "0",
        "bought": "0",
        "color": "0",
        "colour": "0",
        "play": "0",
        "bad": "0",
        "pay": "0",
        "fun": "0",
        "win": "0",
        "category": "love",
        "country": "Philippines",
        "Tweet_on_odour": "FALSE",
        "Tweet_on_fabric": "FALSE",
        "Tweet_on_price": "FALSE",
        "Tweet_on_quality": "FALSE",
        "lemon": "FALSE"
    },
    {
        "Antibac": "FALSE",
        "Rating": "5",
        "Comment": "Ive tried all their products so anything na bago pa nilang ilalabas na product i will definitely try kc subok na namin ang Joy sa paglilinis. Hindi ka magsisisi or mapapahiya kahit irecommend mo pa sa iba!",
        "Date": "3/10/17",
        "tweet_week_wise": "3/11/17",
        "pos_count": "9",
        "neg_count": "0",
        "sentiment": "Positive",
        "sentiment_score": "9",
        "good": "0",
        "like": "0",
        "love": "0",
        "great": "0",
        "amazing": "0",
        "buy": "0",
        "cost": "0",
        "price": "0",
        "bought": "0",
        "color": "0",
        "colour": "0",
        "play": "0",
        "bad": "0",
        "pay": "0",
        "fun": "0",
        "win": "0",
        "category": "",
        "country": "Philippines",
        "Tweet_on_odour": "FALSE",
        "Tweet_on_fabric": "FALSE",
        "Tweet_on_price": "FALSE",
        "Tweet_on_quality": "FALSE",
        "lemon": "FALSE"
    },
    {
        "Antibac": "FALSE",
        "Rating": "5",
        "Comment": "I have tried most of the product of Joy but not this flavor scent. I hope that i will get a free sample of this product. I cant wait to try this!!",
        "Date": "30/09/2017",
        "tweet_week_wise": "#VALUE!",
        "pos_count": "3",
        "neg_count": "0",
        "sentiment": "Positive",
        "sentiment_score": "3",
        "good": "0",
        "like": "0",
        "love": "1",
        "great": "0",
        "amazing": "0",
        "buy": "0",
        "cost": "0",
        "price": "0",
        "bought": "0",
        "color": "0",
        "colour": "0",
        "play": "0",
        "bad": "0",
        "pay": "0",
        "fun": "0",
        "win": "0",
        "category": "love",
        "country": "Philippines",
        "Tweet_on_odour": "TRUE",
        "Tweet_on_fabric": "FALSE",
        "Tweet_on_price": "FALSE",
        "Tweet_on_quality": "FALSE",
        "lemon": "FALSE"
    },
    {
        "Antibac": "FALSE",
        "Rating": "5",
        "Comment": "Our family has been a loyal user of Joy. This product shows care for their consumer just like how mothers care for their children. Its lavender and lemon essence makes washing the dishes relaxing. I can't wait to try this!",
        "Date": "25/09/2017",
        "tweet_week_wise": "#VALUE!",
        "pos_count": "2",
        "neg_count": "0",
        "sentiment": "Positive",
        "sentiment_score": "2",
        "good": "0",
        "like": "0",
        "love": "0",
        "great": "0",
        "amazing": "0",
        "buy": "0",
        "cost": "0",
        "price": "1",
        "bought": "0",
        "color": "0",
        "colour": "0",
        "play": "0",
        "bad": "0",
        "pay": "0",
        "fun": "0",
        "win": "0",
        "category": "price",
        "country": "Philippines",
        "Tweet_on_odour": "FALSE",
        "Tweet_on_fabric": "FALSE",
        "Tweet_on_price": "FALSE",
        "Tweet_on_quality": "FALSE",
        "lemon": "TRUE"
    },
    {
        "Antibac": "FALSE",
        "Rating": "5",
        "Comment": "akalain mo nakaka relax na ang pag huhugas ng plato at kaldero.. I love the smell of lavender and lemon nakaka saya lang...",
        "Date": "19/09/2017",
        "tweet_week_wise": "#VALUE!",
        "pos_count": "3",
        "neg_count": "2",
        "sentiment": "Positive",
        "sentiment_score": "1",
        "good": "0",
        "like": "0",
        "love": "0",
        "great": "0",
        "amazing": "0",
        "buy": "0",
        "cost": "0",
        "price": "0",
        "bought": "0",
        "color": "0",
        "colour": "0",
        "play": "0",
        "bad": "0",
        "pay": "0",
        "fun": "0",
        "win": "0",
        "category": "",
        "country": "Philippines",
        "Tweet_on_odour": "TRUE",
        "Tweet_on_fabric": "FALSE",
        "Tweet_on_price": "FALSE",
        "Tweet_on_quality": "FALSE",
        "lemon": "TRUE"
    }
]