[{"Car":"TRUE","Rating":"5","Comment":"works great on pet odors, either on the couch or car seats.","Date":"10/18/17","tweet_week_wise":"10/21/17","pos_count":"2","neg_count":"1","sentiment":"Positive","sentiment_score":"1","good":"0","like":"0","love":"1","great":"0","amazing":"0","buy":"0","cost":"0","price":"0","bought":"0","color":"0","colour":"0","play":"0","bad":"0","pay":"0","fun":"0","win":"0","category":"love","country":"Canada","Tweet_on_odour":"FALSE","Tweet_on_usage":"FALSE","Tweet_on_price":"FALSE","Tweet_on_quality":"FALSE","Air":"FALSE","Candles":"FALSE"},{"Car":"FALSE","Rating":"4","Comment":"this is a good and useful cleaning product. I recommend it 100%. it cleans my room and eliminates odor.","Date":"10/15/17","tweet_week_wise":"10/21/17","pos_count":"0","neg_count":"0","sentiment":"Neutral","sentiment_score":"0","good":"0","like":"0","love":"0","great":"0","amazing":"0","buy":"0","cost":"0","price":"0","bought":"0","color":"0","colour":"0","play":"0","bad":"0","pay":"0","fun":"0","win":"0","category":"","country":"Canada","Tweet_on_odour":"FALSE","Tweet_on_usage":"FALSE","Tweet_on_price":"FALSE","Tweet_on_quality":"FALSE","Air":"FALSE","Candles":"FALSE"},{"Car":"FALSE","Rating":"4","Comment":"I love the Febreze Fabric Refresher because it is a great way to freshen and liven up linens and couches and etc. in between washes and cleans. Just spray the area and you are left with a nice fresh scent. My only complaint is that I wish the scent lasted longer - reapplication is usually necessary after a couple days or so.","Date":"10/12/17","tweet_week_wise":"10/14/17","pos_count":"0","neg_count":"2","sentiment":"Negative","sentiment_score":"2","good":"0","like":"0","love":"0","great":"0","amazing":"0","buy":"0","cost":"0","price":"0","bought":"0","color":"0","colour":"0","play":"0","bad":"0","pay":"0","fun":"0","win":"0","category":"","country":"Canada","Tweet_on_odour":"FALSE","Tweet_on_usage":"FALSE","Tweet_on_price":"FALSE","Tweet_on_quality":"FALSE","Air":"FALSE","Candles":"FALSE"},{"Car":"FALSE","Rating":"4","Comment":"I would love to give this product all 5's, if only it would last longer. By that, I mean the scent. I like it though and will continue to buy it","Date":"10/10/17","tweet_week_wise":"10/14/17","pos_count":"1","neg_count":"0","sentiment":"Positive","sentiment_score":"1","good":"0","like":"0","love":"1","great":"0","amazing":"0","buy":"0","cost":"0","price":"0","bought":"0","color":"0","colour":"0","play":"0","bad":"0","pay":"0","fun":"0","win":"0","category":"love","country":"Canada","Tweet_on_odour":"FALSE","Tweet_on_usage":"FALSE","Tweet_on_price":"FALSE","Tweet_on_quality":"FALSE","Air":"FALSE","Candles":"FALSE"},{"Car":"FALSE","Rating":"5","Comment":"...first tried this product when we got our first dog...she slept in the same place on the rug, and I noticed that area smelled of her as I walked by...Febreze was relatively new on the market, and I thought I would check it out....sprayed that area, and was amazed the smell disappeared for quite a while!!!....I use it all over my house now...furniture, curtains, rugs....this is a great product, glad to see it comes in different scents now, good idea!!!","Date":"10/10/17","tweet_week_wise":"10/14/17","pos_count":"3","neg_count":"2","sentiment":"Positive","sentiment_score":"1","good":"0","like":"0","love":"1","great":"0","amazing":"0","buy":"0","cost":"0","price":"0","bought":"0","color":"0","colour":"0","play":"0","bad":"0","pay":"0","fun":"0","win":"0","category":"love","country":"Canada","Tweet_on_odour":"FALSE","Tweet_on_usage":"FALSE","Tweet_on_price":"FALSE","Tweet_on_quality":"FALSE","Air":"FALSE","Candles":"FALSE"},{"Car":"FALSE","Rating":"4","Comment":"Love the different scents and fresh smell it leaves","Date":"10/1/17","tweet_week_wise":"10/7/17","pos_count":"6","neg_count":"2","sentiment":"Positive","sentiment_score":"4","good":"0","like":"0","love":"0","great":"1","amazing":"0","buy":"0","cost":"0","price":"0","bought":"0","color":"0","colour":"1","play":"0","bad":"0","pay":"0","fun":"0","win":"0","category":"great|colour","country":"Canada","Tweet_on_odour":"FALSE","Tweet_on_usage":"FALSE","Tweet_on_price":"FALSE","Tweet_on_quality":"FALSE","Air":"FALSE","Candles":"FALSE"},{"Car":"FALSE","Rating":"5","Comment":"I love this product, we have 3 cats and 3 dogs and Febreze Fabric works wonders on the couch and chairs","Date":"9/27/17","tweet_week_wise":"9/30/17","pos_count":"2","neg_count":"1","sentiment":"Positive","sentiment_score":"1","good":"0","like":"1","love":"0","great":"0","amazing":"0","buy":"0","cost":"0","price":"0","bought":"0","color":"0","colour":"0","play":"0","bad":"0","pay":"0","fun":"0","win":"0","category":"like","country":"Canada","Tweet_on_odour":"FALSE","Tweet_on_usage":"FALSE","Tweet_on_price":"FALSE","Tweet_on_quality":"FALSE","Air":"TRUE","Candles":"FALSE"},{"Car":"FALSE","Rating":"5","Comment":"I have a dog and sometimes my furniture gets a doggy and damp smell I spray my febreze around and it helps remove this smell","Date":"9/7/17","tweet_week_wise":"9/9/17","pos_count":"1","neg_count":"0","sentiment":"Positive","sentiment_score":"1","good":"1","like":"0","love":"0","great":"0","amazing":"0","buy":"0","cost":"0","price":"0","bought":"0","color":"0","colour":"0","play":"0","bad":"0","pay":"0","fun":"0","win":"0","category":"good","country":"Canada","Tweet_on_odour":"FALSE","Tweet_on_usage":"FALSE","Tweet_on_price":"FALSE","Tweet_on_quality":"FALSE","Air":"FALSE","Candles":"FALSE"},{"Car":"FALSE","Rating":"5","Comment":"This is a wonderful product. I use it in my home and vehicle.","Date":"9/5/17","tweet_week_wise":"9/9/17","pos_count":"1","neg_count":"1","sentiment":"Neutral","sentiment_score":"0","good":"0","like":"0","love":"0","great":"1","amazing":"0","buy":"0","cost":"0","price":"0","bought":"0","color":"0","colour":"0","play":"0","bad":"0","pay":"0","fun":"0","win":"0","category":"great","country":"Canada","Tweet_on_odour":"FALSE","Tweet_on_usage":"FALSE","Tweet_on_price":"FALSE","Tweet_on_quality":"FALSE","Air":"FALSE","Candles":"FALSE"},{"Car":"FALSE","Rating":"5","Comment":"Great for pet owners! My go to for quick odour elimination","Date":"9/1/17","tweet_week_wise":"9/2/17","pos_count":"0","neg_count":"0","sentiment":"Neutral","sentiment_score":"0","good":"0","like":"0","love":"0","great":"0","amazing":"0","buy":"0","cost":"0","price":"0","bought":"0","color":"0","colour":"0","play":"0","bad":"0","pay":"0","fun":"0","win":"0","category":"","country":"Canada","Tweet_on_odour":"FALSE","Tweet_on_usage":"FALSE","Tweet_on_price":"FALSE","Tweet_on_quality":"FALSE","Air":"FALSE","Candles":"FALSE"},{"Car":"FALSE","Rating":"5","Comment":"A good product for the home. I use it after I have been cooking curries, fish and any other smells I would like to mask","Date":"8/30/17","tweet_week_wise":"9/2/17","pos_count":"0","neg_count":"1","sentiment":"Negative","sentiment_score":"1","good":"0","like":"0","love":"0","great":"0","amazing":"0","buy":"0","cost":"0","price":"0","bought":"0","color":"0","colour":"0","play":"0","bad":"0","pay":"0","fun":"0","win":"0","category":"","country":"Canada","Tweet_on_odour":"FALSE","Tweet_on_usage":"FALSE","Tweet_on_price":"FALSE","Tweet_on_quality":"FALSE","Air":"FALSE","Candles":"FALSE"},{"Car":"FALSE","Rating":"5","Comment":"i have 2 cats and watch my daughters dog i also smoke here and there and you would never, never know it as I use this on my couches and bed everyday. All you products make my apartment smell good. THANK YOU SO, SO MUCH!","Date":"8/2/17","tweet_week_wise":"8/5/17","pos_count":"2","neg_count":"0","sentiment":"Positive","sentiment_score":"2","good":"0","like":"0","love":"0","great":"1","amazing":"0","buy":"0","cost":"0","price":"0","bought":"0","color":"0","colour":"0","play":"0","bad":"0","pay":"0","fun":"0","win":"0","category":"great","country":"Canada","Tweet_on_odour":"FALSE","Tweet_on_usage":"FALSE","Tweet_on_price":"FALSE","Tweet_on_quality":"FALSE","Air":"FALSE","Candles":"FALSE"},{"Car":"FALSE","Rating":"5","Comment":"Three pets in my home smelly running shoes gym bags and. Hockey bags. Yup! Thank god febreeze has never failed me yet. Last minute spray when company shows up for a visit. The smell is divine.","Date":"7/28/17","tweet_week_wise":"7/29/17","pos_count":"4","neg_count":"1","sentiment":"Positive","sentiment_score":"3","good":"0","like":"0","love":"1","great":"1","amazing":"0","buy":"0","cost":"0","price":"0","bought":"0","color":"0","colour":"0","play":"0","bad":"0","pay":"0","fun":"0","win":"0","category":"love|great","country":"Canada","Tweet_on_odour":"FALSE","Tweet_on_usage":"FALSE","Tweet_on_price":"FALSE","Tweet_on_quality":"FALSE","Air":"FALSE","Candles":"FALSE"},{"Car":"FALSE","Rating":"5","Comment":"Febreeze is an easy convenience to grab and spray works wonderful with multiple pets in our home","Date":"7/26/17","tweet_week_wise":"7/29/17","pos_count":"1","neg_count":"0","sentiment":"Positive","sentiment_score":"1","good":"0","like":"0","love":"1","great":"0","amazing":"0","buy":"0","cost":"0","price":"0","bought":"0","color":"0","colour":"0","play":"0","bad":"0","pay":"0","fun":"0","win":"0","category":"love","country":"Canada","Tweet_on_odour":"FALSE","Tweet_on_usage":"FALSE","Tweet_on_price":"FALSE","Tweet_on_quality":"FALSE","Air":"FALSE","Candles":"FALSE"},{"Car":"FALSE","Rating":"4","Comment":"Good product . It won't eliminate smoke smell out of cloth furniture. But if you use it on a biweekly basis it sure helps","Date":"7/10/17","tweet_week_wise":"7/15/17","pos_count":"1","neg_count":"1","sentiment":"Neutral","sentiment_score":"0","good":"0","like":"0","love":"0","great":"1","amazing":"0","buy":"0","cost":"0","price":"0","bought":"0","color":"0","colour":"0","play":"0","bad":"0","pay":"0","fun":"0","win":"0","category":"great","country":"Canada","Tweet_on_odour":"FALSE","Tweet_on_usage":"FALSE","Tweet_on_price":"FALSE","Tweet_on_quality":"FALSE","Air":"FALSE","Candles":"FALSE"},{"Car":"FALSE","Rating":"4","Comment":"I really like the smell but i found it doesn't seem to last that long but it does work for a while. I have cats and i spray their bedding with this also. I will diffidently use this brand over any other ones i have tried. When it is on sale i stock up.","Date":"6/29/17","tweet_week_wise":"7/1/17","pos_count":"2","neg_count":"0","sentiment":"Positive","sentiment_score":"2","good":"0","like":"1","love":"0","great":"0","amazing":"0","buy":"0","cost":"0","price":"0","bought":"0","color":"0","colour":"0","play":"0","bad":"0","pay":"0","fun":"0","win":"0","category":"like","country":"Canada","Tweet_on_odour":"FALSE","Tweet_on_usage":"FALSE","Tweet_on_price":"FALSE","Tweet_on_quality":"FALSE","Air":"FALSE","Candles":"FALSE"},{"Car":"FALSE","Rating":"5","Comment":"I love ALL Febreez products they are great for a quick freshen up but they also permanently kill bad odors. I always receive compliments on the smell of my home when people walk through the door I love it. thank you","Date":"6/25/17","tweet_week_wise":"7/1/17","pos_count":"2","neg_count":"3","sentiment":"Negative","sentiment_score":"1","good":"0","like":"0","love":"0","great":"0","amazing":"0","buy":"0","cost":"0","price":"0","bought":"0","color":"0","colour":"0","play":"0","bad":"0","pay":"0","fun":"0","win":"0","category":"","country":"Canada","Tweet_on_odour":"FALSE","Tweet_on_usage":"FALSE","Tweet_on_price":"FALSE","Tweet_on_quality":"FALSE","Air":"FALSE","Candles":"FALSE"},{"Car":"FALSE","Rating":"4","Comment":"Great product for quick odour elimination and freshening up.","Date":"6/23/17","tweet_week_wise":"6/24/17","pos_count":"2","neg_count":"1","sentiment":"Positive","sentiment_score":"1","good":"1","like":"1","love":"0","great":"1","amazing":"0","buy":"0","cost":"0","price":"0","bought":"0","color":"0","colour":"0","play":"0","bad":"0","pay":"0","fun":"0","win":"0","category":"good|like|great","country":"Canada","Tweet_on_odour":"FALSE","Tweet_on_usage":"FALSE","Tweet_on_price":"FALSE","Tweet_on_quality":"FALSE","Air":"FALSE","Candles":"FALSE"},{"Car":"FALSE","Rating":"5","Comment":"I HAVE CATS AND A FARRETT SO FEBREEZE IS A PRODUCT I USE ALMOST DAILY IN THE HOUSE..LOVE THE SMELL AND IT REALLY LAST LONG..I WOULD RECOMMEND TO ALL MY FAMILY AND FRIENDS..IS IT POSSIBLE FOR A SAMPLE??nOT WORKING STILL AND CANT AFFORD TO BUY IT ALL THE TIME..ANY LITTLE BIT OF HELP WOULD BE VERY MUCH APPRECIATED..THANK YOU!!!","Date":"5/23/17","tweet_week_wise":"5/27/17","pos_count":"0","neg_count":"0","sentiment":"Neutral","sentiment_score":"0","good":"0","like":"0","love":"0","great":"0","amazing":"0","buy":"0","cost":"0","price":"0","bought":"0","color":"0","colour":"0","play":"0","bad":"0","pay":"0","fun":"0","win":"0","category":"","country":"Canada","Tweet_on_odour":"FALSE","Tweet_on_usage":"FALSE","Tweet_on_price":"FALSE","Tweet_on_quality":"FALSE","Air":"FALSE","Candles":"FALSE"},{"Car":"TRUE","Rating":"5","Comment":"It's perfect if you have a great choice of beautiful refreshing smells and it's very easy to use and doesn't damage your clothes colours I also use it for my carpets a great bu","Date":"5/22/17","tweet_week_wise":"5/27/17","pos_count":"1","neg_count":"0","sentiment":"Positive","sentiment_score":"1","good":"0","like":"0","love":"0","great":"0","amazing":"0","buy":"0","cost":"0","price":"0","bought":"0","color":"0","colour":"0","play":"0","bad":"0","pay":"0","fun":"0","win":"0","category":"","country":"Canada","Tweet_on_odour":"FALSE","Tweet_on_usage":"FALSE","Tweet_on_price":"FALSE","Tweet_on_quality":"FALSE","Air":"FALSE","Candles":"FALSE"},{"Car":"FALSE","Rating":"4","Comment":"I love the smell of this stuff. It works very well.","Date":"5/1/17","tweet_week_wise":"5/6/17","pos_count":"3","neg_count":"1","sentiment":"Positive","sentiment_score":"2","good":"0","like":"0","love":"1","great":"0","amazing":"0","buy":"0","cost":"0","price":"0","bought":"0","color":"0","colour":"0","play":"0","bad":"0","pay":"0","fun":"0","win":"0","category":"love","country":"Canada","Tweet_on_odour":"FALSE","Tweet_on_usage":"FALSE","Tweet_on_price":"FALSE","Tweet_on_quality":"FALSE","Air":"FALSE","Candles":"FALSE"},{"Car":"FALSE","Rating":"3","Comment":"I would like a better scent that lasts longer. The current product doesn't last more than a day.","Date":"4/30/17","tweet_week_wise":"5/6/17","pos_count":"1","neg_count":"0","sentiment":"Positive","sentiment_score":"1","good":"1","like":"0","love":"0","great":"0","amazing":"0","buy":"0","cost":"0","price":"0","bought":"0","color":"0","colour":"0","play":"0","bad":"0","pay":"0","fun":"0","win":"0","category":"good","country":"Canada","Tweet_on_odour":"FALSE","Tweet_on_usage":"FALSE","Tweet_on_price":"FALSE","Tweet_on_quality":"FALSE","Air":"FALSE","Candles":"FALSE"},{"Car":"FALSE","Rating":"4","Comment":"Overall good product. Great to use for quick needed moments and the smell does stay for a period of time unlike most products in this field.","Date":"4/29/17","tweet_week_wise":"4/29/17","pos_count":"1","neg_count":"2","sentiment":"Negative","sentiment_score":"1","good":"1","like":"0","love":"0","great":"0","amazing":"0","buy":"0","cost":"0","price":"0","bought":"0","color":"0","colour":"0","play":"0","bad":"0","pay":"0","fun":"0","win":"0","category":"good","country":"Canada","Tweet_on_odour":"FALSE","Tweet_on_usage":"FALSE","Tweet_on_price":"FALSE","Tweet_on_quality":"FALSE","Air":"FALSE","Candles":"FALSE"},{"Car":"TRUE","Rating":"4","Comment":"Two words: Good Stuff!! It seems they want at least 50 words so, I have a cat, a dog that visits and I smoke. Get the idea? I also have friends who don't smoke. Febreeze solves all these problems. Also, I'm partially disabled so normal housework and cleaning is very difficult for me Again Febreze takes care of some dusty odours. Like I said: Good Stuff!","Date":"4/16/17","tweet_week_wise":"4/22/17","pos_count":"4","neg_count":"2","sentiment":"Positive","sentiment_score":"2","good":"0","like":"0","love":"1","great":"0","amazing":"0","buy":"0","cost":"0","price":"0","bought":"0","color":"0","colour":"0","play":"0","bad":"0","pay":"0","fun":"0","win":"0","category":"love","country":"Canada","Tweet_on_odour":"FALSE","Tweet_on_usage":"FALSE","Tweet_on_price":"FALSE","Tweet_on_quality":"FALSE","Air":"FALSE","Candles":"FALSE"},{"Car":"TRUE","Rating":"5","Comment":"I have four cats. I use Febreze pet odour eliminator once a week on the furniture and carpets. There is never an odour of cat in my home.","Date":"3/13/17","tweet_week_wise":"3/18/17","pos_count":"4","neg_count":"3","sentiment":"Positive","sentiment_score":"1","good":"0","like":"0","love":"1","great":"1","amazing":"0","buy":"0","cost":"0","price":"0","bought":"0","color":"0","colour":"0","play":"0","bad":"1","pay":"0","fun":"0","win":"0","category":"love|great|bad","country":"Canada","Tweet_on_odour":"FALSE","Tweet_on_usage":"FALSE","Tweet_on_price":"FALSE","Tweet_on_quality":"FALSE","Air":"FALSE","Candles":"FALSE"},{"Car":"FALSE","Rating":"4","Comment":"I love this stuff and always have at least one bottle on hand at all times. It can be a bit pricy if you're on a budget, but whenever you've got a visitor it's amazing on sheets and pillows that have been in storage. Make sure to use it between bedsheets changes, when u leave the bathroom, Change the garbage or finish dusting the curtains. But it's no good on pet smells, no matter how much you use. It may hide it for someone dropping by for a quick coffee, but not much more. I prefer the anti-bacterial kind.","Date":"3/11/17","tweet_week_wise":"3/11/17","pos_count":"3","neg_count":"1","sentiment":"Positive","sentiment_score":"2","good":"1","like":"0","love":"0","great":"0","amazing":"0","buy":"0","cost":"0","price":"0","bought":"0","color":"0","colour":"0","play":"0","bad":"0","pay":"0","fun":"0","win":"0","category":"good","country":"Canada","Tweet_on_odour":"FALSE","Tweet_on_usage":"FALSE","Tweet_on_price":"FALSE","Tweet_on_quality":"FALSE","Air":"FALSE","Candles":"FALSE"},{"Car":"FALSE","Rating":"5","Comment":"Love it . Elimination of odour really efficient Nice smell.","Date":"3/10/17","tweet_week_wise":"3/11/17","pos_count":"4","neg_count":"2","sentiment":"Positive","sentiment_score":"2","good":"0","like":"0","love":"0","great":"1","amazing":"0","buy":"0","cost":"0","price":"0","bought":"0","color":"0","colour":"0","play":"0","bad":"0","pay":"0","fun":"0","win":"0","category":"great","country":"Canada","Tweet_on_odour":"FALSE","Tweet_on_usage":"FALSE","Tweet_on_price":"FALSE","Tweet_on_quality":"FALSE","Air":"FALSE","Candles":"FALSE"},{"Car":"FALSE","Rating":"5","Comment":"When this product came out,I tried it. After that first time ,I use it all the time. Febreze has a nice smell. I would recommend Febreze to anyone. Just try it for yourself.","Date":"3/4/17","tweet_week_wise":"3/4/17","pos_count":"5","neg_count":"1","sentiment":"Positive","sentiment_score":"4","good":"0","like":"0","love":"1","great":"0","amazing":"0","buy":"1","cost":"0","price":"0","bought":"0","color":"0","colour":"0","play":"0","bad":"0","pay":"0","fun":"0","win":"0","category":"love|buy","country":"Canada","Tweet_on_odour":"FALSE","Tweet_on_usage":"FALSE","Tweet_on_price":"FALSE","Tweet_on_quality":"FALSE","Air":"FALSE","Candles":"FALSE"},{"Car":"FALSE","Rating":"5","Comment":"Febreze fabric refresher is excellent - especially with 2 dogs in the home! I highly recommend this product because it eliminates odor and makes my home smell wonderful! I love it!","Date":"2/27/17","tweet_week_wise":"3/4/17","pos_count":"1","neg_count":"0","sentiment":"Positive","sentiment_score":"1","good":"0","like":"0","love":"1","great":"0","amazing":"0","buy":"0","cost":"0","price":"0","bought":"0","color":"0","colour":"0","play":"0","bad":"0","pay":"0","fun":"0","win":"0","category":"love","country":"Canada","Tweet_on_odour":"FALSE","Tweet_on_usage":"FALSE","Tweet_on_price":"FALSE","Tweet_on_quality":"FALSE","Air":"FALSE","Candles":"FALSE"},{"Car":"FALSE","Rating":"5","Comment":"what a great smelling product. all day at work people just wanted to smell my sweater. so fresh and soothing....great product","Date":"2/20/17","tweet_week_wise":"2/25/17","pos_count":"4","neg_count":"0","sentiment":"Positive","sentiment_score":"4","good":"0","like":"0","love":"0","great":"0","amazing":"0","buy":"0","cost":"0","price":"0","bought":"0","color":"0","colour":"0","play":"0","bad":"0","pay":"0","fun":"0","win":"0","category":"","country":"Canada","Tweet_on_odour":"FALSE","Tweet_on_usage":"FALSE","Tweet_on_price":"FALSE","Tweet_on_quality":"FALSE","Air":"FALSE","Candles":"FALSE"},{"Car":"FALSE","Rating":"5","Comment":"Good value for money Smells lovely Leaves ure home smelling fresh Leaves ure clothes smelling fresh","Date":"12/11/17","tweet_week_wise":"12/16/17","pos_count":"1","neg_count":"0","sentiment":"Positive","sentiment_score":"1","good":"1","like":"0","love":"0","great":"0","amazing":"0","buy":"0","cost":"0","price":"0","bought":"0","color":"0","colour":"0","play":"0","bad":"0","pay":"0","fun":"0","win":"0","category":"good","country":"United Kingdom","Tweet_on_odour":"FALSE","Tweet_on_usage":"FALSE","Tweet_on_price":"TRUE","Tweet_on_quality":"FALSE","Air":"FALSE","Candles":"FALSE"},{"Car":"FALSE","Rating":"5","Comment":"First time I bought this I haven’t looked back I have one in all my rooms they smell amazing and my house has a lovely smell of pine and forests it’s got a strange smell but it’s sooo nice","Date":"12/11/17","tweet_week_wise":"12/16/17","pos_count":"3","neg_count":"2","sentiment":"Positive","sentiment_score":"1","good":"0","like":"1","love":"0","great":"0","amazing":"0","buy":"0","cost":"0","price":"0","bought":"1","color":"0","colour":"0","play":"0","bad":"0","pay":"0","fun":"0","win":"0","category":"like|bought","country":"United Kingdom","Tweet_on_odour":"FALSE","Tweet_on_usage":"FALSE","Tweet_on_price":"FALSE","Tweet_on_quality":"FALSE","Air":"FALSE","Candles":"FALSE"},{"Car":"FALSE","Rating":"5","Comment":"Is my life. I love everything from them. So good quality and the price is acceptable. Try and you will love it","Date":"12/11/17","tweet_week_wise":"12/16/17","pos_count":"1","neg_count":"0","sentiment":"Positive","sentiment_score":"1","good":"0","like":"0","love":"0","great":"0","amazing":"0","buy":"0","cost":"0","price":"0","bought":"0","color":"0","colour":"0","play":"0","bad":"0","pay":"0","fun":"0","win":"0","category":"","country":"United Kingdom","Tweet_on_odour":"FALSE","Tweet_on_usage":"FALSE","Tweet_on_price":"FALSE","Tweet_on_quality":"FALSE","Air":"FALSE","Candles":"FALSE"},{"Car":"FALSE","Rating":"5","Comment":"Love this on the rug in living room ... Staffordshire Bull Terrier who loves water & smells damp constantly even likes it xxx With the heating on now too it makes a world of difference !! A must in my shopping basket","Date":"11/11/17","tweet_week_wise":"11/11/17","pos_count":"3","neg_count":"1","sentiment":"Positive","sentiment_score":"2","good":"0","like":"1","love":"1","great":"0","amazing":"0","buy":"0","cost":"0","price":"0","bought":"0","color":"0","colour":"0","play":"0","bad":"0","pay":"0","fun":"0","win":"0","category":"like|love","country":"United Kingdom","Tweet_on_odour":"FALSE","Tweet_on_usage":"FALSE","Tweet_on_price":"FALSE","Tweet_on_quality":"FALSE","Air":"FALSE","Candles":"FALSE"},{"Car":"FALSE","Rating":"5","Comment":"I love love this products, its really working. Buy and try it's really amazing","Date":"9/11/17","tweet_week_wise":"9/16/17","pos_count":"2","neg_count":"4","sentiment":"Negative","sentiment_score":"2","good":"0","like":"0","love":"0","great":"0","amazing":"1","buy":"0","cost":"0","price":"0","bought":"0","color":"0","colour":"0","play":"0","bad":"1","pay":"0","fun":"0","win":"0","category":"amazing|bad","country":"United Kingdom","Tweet_on_odour":"FALSE","Tweet_on_usage":"FALSE","Tweet_on_price":"FALSE","Tweet_on_quality":"FALSE","Air":"FALSE","Candles":"FALSE"},{"Car":"FALSE","Rating":"5","Comment":"This product is good. But you don't get much for your money.","Date":"1/11/17","tweet_week_wise":"1/14/17","pos_count":"1","neg_count":"1","sentiment":"Neutral","sentiment_score":"0","good":"0","like":"0","love":"0","great":"0","amazing":"0","buy":"0","cost":"0","price":"0","bought":"0","color":"0","colour":"0","play":"0","bad":"0","pay":"0","fun":"0","win":"0","category":"","country":"United Kingdom","Tweet_on_odour":"FALSE","Tweet_on_usage":"FALSE","Tweet_on_price":"TRUE","Tweet_on_quality":"FALSE","Air":"FALSE","Candles":"FALSE"},{"Car":"FALSE","Rating":"5","Comment":"This is excellent product, no more musky smell just fresh clean air in every Rooney highly recommend","Date":"31/10/2017","tweet_week_wise":"#VALUE!","pos_count":"0","neg_count":"0","sentiment":"Neutral","sentiment_score":"0","good":"0","like":"0","love":"0","great":"0","amazing":"0","buy":"0","cost":"0","price":"0","bought":"0","color":"0","colour":"0","play":"0","bad":"0","pay":"0","fun":"0","win":"0","category":"","country":"United Kingdom","Tweet_on_odour":"FALSE","Tweet_on_usage":"FALSE","Tweet_on_price":"FALSE","Tweet_on_quality":"FALSE","Air":"TRUE","Candles":"FALSE"},{"Car":"TRUE","Rating":"5","Comment":"fantastic stuff, I am so glad I picked up a can of the spray and the febreze, dogs wet smell a nono and when you have many in a van it stinks, in doors in the house dogs and carpets don't mix carpets, sofa, dog beds and our beds stink, I am so glad of this to products fresh smell brilliant, I cannot fault it","Date":"27/10/2017","tweet_week_wise":"#VALUE!","pos_count":"3","neg_count":"1","sentiment":"Positive","sentiment_score":"2","good":"0","like":"0","love":"0","great":"0","amazing":"0","buy":"0","cost":"0","price":"0","bought":"0","color":"0","colour":"0","play":"0","bad":"0","pay":"0","fun":"0","win":"0","category":"","country":"United Kingdom","Tweet_on_odour":"FALSE","Tweet_on_usage":"FALSE","Tweet_on_price":"FALSE","Tweet_on_quality":"FALSE","Air":"FALSE","Candles":"FALSE"},{"Car":"FALSE","Rating":"5","Comment":"Love love love This I use it all the time with having 3 tiny chihuahuas I’m always conscious of my home not smelling as fresh as it can nobody can ever smell dog in the house and it’s because of this fantastic product","Date":"13/10/2017","tweet_week_wise":"#VALUE!","pos_count":"3","neg_count":"0","sentiment":"Positive","sentiment_score":"3","good":"0","like":"1","love":"0","great":"0","amazing":"0","buy":"0","cost":"0","price":"0","bought":"0","color":"0","colour":"0","play":"0","bad":"0","pay":"0","fun":"0","win":"0","category":"like","country":"United Kingdom","Tweet_on_odour":"FALSE","Tweet_on_usage":"FALSE","Tweet_on_price":"FALSE","Tweet_on_quality":"FALSE","Air":"FALSE","Candles":"FALSE"},{"Car":"FALSE","Rating":"5","Comment":"Bought this because i have a cat! And id be paranoid my house might smell- very very house proud and worried! Used this and firstly thescent is lovely! Really fresh not too over powering! Just nice! My cat doesnt mind it either. Bought the plug- in too and had alot of comments onhow lovely it smells :) big thumbs up x","Date":"9/10/17","tweet_week_wise":"9/16/17","pos_count":"5","neg_count":"3","sentiment":"Positive","sentiment_score":"2","good":"0","like":"0","love":"1","great":"0","amazing":"0","buy":"0","cost":"0","price":"0","bought":"1","color":"0","colour":"0","play":"0","bad":"0","pay":"0","fun":"0","win":"0","category":"love|bought","country":"United Kingdom","Tweet_on_odour":"FALSE","Tweet_on_usage":"FALSE","Tweet_on_price":"FALSE","Tweet_on_quality":"FALSE","Air":"FALSE","Candles":"FALSE"},{"Car":"FALSE","Rating":"5","Comment":"Nice fragrance which is easy to use and does for a period of time mask the snell of pets. But like most sprays it is only a temporary measure.","Date":"9/10/17","tweet_week_wise":"9/16/17","pos_count":"2","neg_count":"0","sentiment":"Positive","sentiment_score":"2","good":"0","like":"0","love":"1","great":"0","amazing":"0","buy":"0","cost":"0","price":"0","bought":"0","color":"0","colour":"0","play":"0","bad":"0","pay":"0","fun":"0","win":"0","category":"love","country":"United Kingdom","Tweet_on_odour":"TRUE","Tweet_on_usage":"FALSE","Tweet_on_price":"FALSE","Tweet_on_quality":"FALSE","Air":"FALSE","Candles":"FALSE"},{"Car":"FALSE","Rating":"5","Comment":"Will use this all the time, definite value for money, all my friends use now","Date":"9/10/17","tweet_week_wise":"9/16/17","pos_count":"0","neg_count":"0","sentiment":"Neutral","sentiment_score":"0","good":"0","like":"0","love":"0","great":"0","amazing":"0","buy":"0","cost":"0","price":"0","bought":"0","color":"0","colour":"0","play":"0","bad":"0","pay":"0","fun":"0","win":"0","category":"","country":"United Kingdom","Tweet_on_odour":"FALSE","Tweet_on_usage":"FALSE","Tweet_on_price":"TRUE","Tweet_on_quality":"FALSE","Air":"FALSE","Candles":"FALSE"},{"Car":"FALSE","Rating":"5","Comment":"I'm a self confessed frabreze-a-holic and use it obsessevly and this was pretty good bit I usually buy what's on offer","Date":"5/10/17","tweet_week_wise":"5/13/17","pos_count":"4","neg_count":"3","sentiment":"Positive","sentiment_score":"1","good":"1","like":"0","love":"1","great":"0","amazing":"0","buy":"0","cost":"0","price":"0","bought":"0","color":"0","colour":"0","play":"0","bad":"0","pay":"0","fun":"0","win":"0","category":"good|love","country":"United Kingdom","Tweet_on_odour":"FALSE","Tweet_on_usage":"FALSE","Tweet_on_price":"FALSE","Tweet_on_quality":"FALSE","Air":"FALSE","Candles":"FALSE"},{"Car":"FALSE","Rating":"5","Comment":"I buy this all the time. Absolutely love it. It makes our house smell so fresh instead of smelling like our cat :D wouldnt know we had pets","Date":"4/10/17","tweet_week_wise":"4/15/17","pos_count":"3","neg_count":"0","sentiment":"Positive","sentiment_score":"3","good":"1","like":"0","love":"1","great":"0","amazing":"0","buy":"0","cost":"0","price":"1","bought":"0","color":"0","colour":"0","play":"0","bad":"0","pay":"0","fun":"0","win":"0","category":"good|love|price","country":"United Kingdom","Tweet_on_odour":"FALSE","Tweet_on_usage":"FALSE","Tweet_on_price":"FALSE","Tweet_on_quality":"FALSE","Air":"FALSE","Candles":"FALSE"},{"Car":"FALSE","Rating":"4","Comment":"Good product for my home, smells good , easy to use","Date":"4/10/17","tweet_week_wise":"4/15/17","pos_count":"2","neg_count":"0","sentiment":"Positive","sentiment_score":"2","good":"0","like":"0","love":"0","great":"0","amazing":"0","buy":"0","cost":"0","price":"0","bought":"0","color":"0","colour":"0","play":"0","bad":"0","pay":"0","fun":"0","win":"0","category":"","country":"United Kingdom","Tweet_on_odour":"FALSE","Tweet_on_usage":"FALSE","Tweet_on_price":"FALSE","Tweet_on_quality":"FALSE","Air":"FALSE","Candles":"FALSE"},{"Car":"FALSE","Rating":"5","Comment":"I use this on the cat beds and it works really well. Gets rid of the cat smell and leaves a pleasant fragrance.","Date":"4/10/17","tweet_week_wise":"4/15/17","pos_count":"1","neg_count":"1","sentiment":"Neutral","sentiment_score":"0","good":"0","like":"0","love":"0","great":"0","amazing":"0","buy":"0","cost":"0","price":"0","bought":"0","color":"0","colour":"0","play":"0","bad":"0","pay":"0","fun":"0","win":"0","category":"","country":"United Kingdom","Tweet_on_odour":"TRUE","Tweet_on_usage":"FALSE","Tweet_on_price":"FALSE","Tweet_on_quality":"FALSE","Air":"FALSE","Candles":"FALSE"},{"Car":"FALSE","Rating":"5","Comment":"I love all These products, as soon as you spray it the smell last for ages. I love when you leave the room and come back in and it's the first thing you smell when you walk back in","Date":"4/10/17","tweet_week_wise":"4/15/17","pos_count":"4","neg_count":"3","sentiment":"Positive","sentiment_score":"1","good":"0","like":"1","love":"1","great":"0","amazing":"0","buy":"1","cost":"0","price":"0","bought":"0","color":"0","colour":"0","play":"0","bad":"0","pay":"0","fun":"0","win":"0","category":"like|love|buy","country":"United Kingdom","Tweet_on_odour":"FALSE","Tweet_on_usage":"FALSE","Tweet_on_price":"FALSE","Tweet_on_quality":"FALSE","Air":"FALSE","Candles":"FALSE"},{"Car":"FALSE","Rating":"4","Comment":"I spray this when I've had a tidy round in the morning as I have a cat & dog to help keep away the smell, my house smells fresh for a number of hours after use and it doesn't make my pets sneeze like other brands! I recommend.","Date":"3/10/17","tweet_week_wise":"3/11/17","pos_count":"2","neg_count":"0","sentiment":"Positive","sentiment_score":"2","good":"1","like":"0","love":"0","great":"0","amazing":"0","buy":"1","cost":"0","price":"0","bought":"0","color":"0","colour":"0","play":"0","bad":"0","pay":"0","fun":"0","win":"0","category":"good|buy","country":"United Kingdom","Tweet_on_odour":"FALSE","Tweet_on_usage":"FALSE","Tweet_on_price":"FALSE","Tweet_on_quality":"FALSE","Air":"FALSE","Candles":"FALSE"},{"Car":"FALSE","Rating":"5","Comment":"I had used so many products to try rid the dog smell off the dog bed that had been washed. This done the job brilliantly wish I tried sooner.","Date":"3/10/17","tweet_week_wise":"3/11/17","pos_count":"0","neg_count":"0","sentiment":"Neutral","sentiment_score":"0","good":"0","like":"0","love":"0","great":"0","amazing":"0","buy":"0","cost":"0","price":"0","bought":"0","color":"0","colour":"0","play":"0","bad":"0","pay":"0","fun":"0","win":"0","category":"","country":"United Kingdom","Tweet_on_odour":"FALSE","Tweet_on_usage":"FALSE","Tweet_on_price":"FALSE","Tweet_on_quality":"FALSE","Air":"FALSE","Candles":"FALSE"},{"Car":"FALSE","Rating":"5","Comment":"I have two dogs, and Febreze has saved my living room. I try to wash throws and dog beds every week or two, but in between washes Febreze makes everything smell fresh. I've tried other brands, and own brands, and they just aren't up to the challenge like Febreze is, they don't smell as good, and they don't neutralise the odours for as long as Febreze does.","Date":"3/10/17","tweet_week_wise":"3/11/17","pos_count":"2","neg_count":"1","sentiment":"Positive","sentiment_score":"1","good":"0","like":"0","love":"1","great":"0","amazing":"0","buy":"0","cost":"0","price":"0","bought":"0","color":"0","colour":"0","play":"0","bad":"0","pay":"0","fun":"0","win":"0","category":"love","country":"United Kingdom","Tweet_on_odour":"FALSE","Tweet_on_usage":"FALSE","Tweet_on_price":"FALSE","Tweet_on_quality":"FALSE","Air":"FALSE","Candles":"FALSE"},{"Car":"TRUE","Rating":"4","Comment":"The easy car clip is a great way to control the wet dog smell with the recent wet weather. The wet dog had a tendency to creep in unexpectedly and this definitely helps.","Date":"3/10/17","tweet_week_wise":"3/11/17","pos_count":"6","neg_count":"1","sentiment":"Positive","sentiment_score":"5","good":"0","like":"0","love":"1","great":"0","amazing":"0","buy":"0","cost":"0","price":"0","bought":"0","color":"0","colour":"0","play":"0","bad":"0","pay":"0","fun":"0","win":"0","category":"love","country":"United Kingdom","Tweet_on_odour":"FALSE","Tweet_on_usage":"FALSE","Tweet_on_price":"FALSE","Tweet_on_quality":"FALSE","Air":"FALSE","Candles":"FALSE"},{"Car":"FALSE","Rating":"5","Comment":"I love this product my dog like every dog gets quite sweaty and leaves his smell around the house but this product gets rid of the smells and leaves a beautiful fragrance behind in love will be buying again and recommending to friends and family !","Date":"3/10/17","tweet_week_wise":"3/11/17","pos_count":"2","neg_count":"3","sentiment":"Negative","sentiment_score":"1","good":"0","like":"0","love":"0","great":"1","amazing":"0","buy":"0","cost":"0","price":"0","bought":"0","color":"0","colour":"0","play":"0","bad":"0","pay":"0","fun":"0","win":"0","category":"great","country":"United Kingdom","Tweet_on_odour":"TRUE","Tweet_on_usage":"FALSE","Tweet_on_price":"FALSE","Tweet_on_quality":"FALSE","Air":"FALSE","Candles":"FALSE"},{"Car":"FALSE","Rating":"5","Comment":"I have got three cats,dog and hamster it got rid of all the animal smells within 30 mins I was really impressed with the product and value and would use this again","Date":"3/10/17","tweet_week_wise":"3/11/17","pos_count":"2","neg_count":"0","sentiment":"Positive","sentiment_score":"2","good":"0","like":"0","love":"1","great":"0","amazing":"0","buy":"0","cost":"0","price":"0","bought":"0","color":"0","colour":"0","play":"0","bad":"0","pay":"0","fun":"0","win":"0","category":"love","country":"United Kingdom","Tweet_on_odour":"FALSE","Tweet_on_usage":"FALSE","Tweet_on_price":"FALSE","Tweet_on_quality":"FALSE","Air":"FALSE","Candles":"FALSE"},{"Car":"FALSE","Rating":"5","Comment":"I have the a westie and a yorkie and I've been using the fabreze fabric! It really works. They love being outside, even in the rain. We've recently had a party with lots of people round and everyone commented on how fresh our house smelt and couldn't believe we had two wets dog running around!!","Date":"3/10/17","tweet_week_wise":"3/11/17","pos_count":"1","neg_count":"0","sentiment":"Positive","sentiment_score":"1","good":"1","like":"0","love":"0","great":"0","amazing":"0","buy":"0","cost":"0","price":"0","bought":"0","color":"0","colour":"0","play":"0","bad":"0","pay":"0","fun":"0","win":"0","category":"good","country":"United Kingdom","Tweet_on_odour":"FALSE","Tweet_on_usage":"FALSE","Tweet_on_price":"FALSE","Tweet_on_quality":"FALSE","Air":"FALSE","Candles":"FALSE"},{"Car":"FALSE","Rating":"5","Comment":"Bought the Air spray to help eliminate the wet dog smell after our soggy walks and it works wonders. It leaves the room smelling like we’re still out on our walks.","Date":"3/10/17","tweet_week_wise":"3/11/17","pos_count":"0","neg_count":"1","sentiment":"Negative","sentiment_score":"1","good":"0","like":"0","love":"0","great":"0","amazing":"0","buy":"0","cost":"0","price":"0","bought":"0","color":"0","colour":"0","play":"0","bad":"0","pay":"0","fun":"0","win":"0","category":"","country":"United Kingdom","Tweet_on_odour":"FALSE","Tweet_on_usage":"FALSE","Tweet_on_price":"FALSE","Tweet_on_quality":"FALSE","Air":"TRUE","Candles":"FALSE"},{"Car":"FALSE","Rating":"5","Comment":"best from the best ,killing bad smell ,profesional","Date":"3/10/17","tweet_week_wise":"3/11/17","pos_count":"1","neg_count":"0","sentiment":"Positive","sentiment_score":"1","good":"0","like":"0","love":"1","great":"0","amazing":"0","buy":"0","cost":"0","price":"0","bought":"0","color":"0","colour":"0","play":"0","bad":"0","pay":"0","fun":"0","win":"0","category":"love","country":"United Kingdom","Tweet_on_odour":"FALSE","Tweet_on_usage":"FALSE","Tweet_on_price":"FALSE","Tweet_on_quality":"FALSE","Air":"FALSE","Candles":"FALSE"},{"Car":"FALSE","Rating":"5","Comment":"Freshens up the dogs beds and gets rid of the usual doggy smell from there as they aren't always possible to wash would definitely recommend","Date":"3/10/17","tweet_week_wise":"3/11/17","pos_count":"3","neg_count":"4","sentiment":"Negative","sentiment_score":"1","good":"0","like":"0","love":"1","great":"0","amazing":"1","buy":"0","cost":"0","price":"0","bought":"1","color":"0","colour":"0","play":"0","bad":"0","pay":"0","fun":"0","win":"0","category":"love|amazing|bought","country":"United Kingdom","Tweet_on_odour":"FALSE","Tweet_on_usage":"FALSE","Tweet_on_price":"FALSE","Tweet_on_quality":"FALSE","Air":"FALSE","Candles":"FALSE"},{"Car":"FALSE","Rating":"4","Comment":"Love febreze & it gets the smell of my cats out of my sofa & rugs with ease","Date":"3/10/17","tweet_week_wise":"3/11/17","pos_count":"2","neg_count":"4","sentiment":"Negative","sentiment_score":"2","good":"0","like":"0","love":"0","great":"0","amazing":"1","buy":"0","cost":"0","price":"0","bought":"0","color":"0","colour":"0","play":"0","bad":"1","pay":"0","fun":"0","win":"0","category":"amazing|bad","country":"United Kingdom","Tweet_on_odour":"FALSE","Tweet_on_usage":"FALSE","Tweet_on_price":"FALSE","Tweet_on_quality":"FALSE","Air":"FALSE","Candles":"FALSE"},{"Car":"FALSE","Rating":"5","Comment":"Finally a product that can allow me to remove the smell of wet dog from the house. Having two black Labradors can be quite a handful especially after they've been for a swim, which they do far to frequently. The smell is no more.","Date":"3/10/17","tweet_week_wise":"3/11/17","pos_count":"1","neg_count":"1","sentiment":"Neutral","sentiment_score":"0","good":"0","like":"0","love":"0","great":"0","amazing":"0","buy":"0","cost":"0","price":"0","bought":"0","color":"0","colour":"0","play":"0","bad":"0","pay":"0","fun":"0","win":"0","category":"","country":"United Kingdom","Tweet_on_odour":"FALSE","Tweet_on_usage":"FALSE","Tweet_on_price":"FALSE","Tweet_on_quality":"FALSE","Air":"FALSE","Candles":"FALSE"},{"Car":"FALSE","Rating":"5","Comment":"I have a 12 week old kitten and an 18month old foster cat which has just had 5 kittens herself and the air freshener and fabric freshener have been a god send the smell is amazing and it lasts I don't get friends or family commenting on how bad the cats smell they comment on how great the house smells even my sofa which is fabric I rate five stars .","Date":"3/10/17","tweet_week_wise":"3/11/17","pos_count":"1","neg_count":"0","sentiment":"Positive","sentiment_score":"1","good":"0","like":"0","love":"0","great":"0","amazing":"0","buy":"0","cost":"0","price":"0","bought":"0","color":"0","colour":"0","play":"0","bad":"0","pay":"0","fun":"0","win":"0","category":"","country":"United Kingdom","Tweet_on_odour":"FALSE","Tweet_on_usage":"FALSE","Tweet_on_price":"FALSE","Tweet_on_quality":"FALSE","Air":"TRUE","Candles":"FALSE"},{"Car":"FALSE","Rating":"","Comment":"","Date":"","tweet_week_wise":"1/0/00","pos_count":"3","neg_count":"2","sentiment":"Positive","sentiment_score":"1","good":"0","like":"1","love":"1","great":"0","amazing":"0","buy":"1","cost":"0","price":"0","bought":"0","color":"0","colour":"0","play":"0","bad":"0","pay":"0","fun":"0","win":"0","category":"like|love|buy","country":"United Kingdom","Tweet_on_odour":"FALSE","Tweet_on_usage":"FALSE","Tweet_on_price":"FALSE","Tweet_on_quality":"FALSE","Air":"FALSE","Candles":"FALSE"}]