[
    {
        "Tweet_on_quality": "FALSE",
        "News": "The initiative encouraged consumers to buy big packs of P&G products such as Ariel, Tide, Downy, Safeguard and Joy to enjoy huge savings.",
        "sentiment": "Positive",
        "source_name": "http://www.philstar.com/business-life/2014/12/15/1402193/pg-and-sm-encourage-consumers-buy-big-and-save",
        "Date": "11/1/17",
        "tweet_week_wise": "11/11/17",
        "Tweet_on_stain": "FALSE",
        "Tweet_on_odour": "FALSE",
        "Tweet_on_fabric": "FALSE",
        "Tweet_on_price": "FALSE"
    },
    {
        "Tweet_on_quality": "FALSE",
        "News": "To help consumers make the most of buying big packs, Ariel and Downy bags now also come with scoops to help them control their usage.",
        "sentiment": "Positive",
        "source_name": "http://www.philstar.com/business-life/2014/12/15/1402193/pg-and-sm-encourage-consumers-buy-big-and-save",
        "Date": "11/11/17",
        "tweet_week_wise": "11/18/17",
        "Tweet_on_stain": "FALSE",
        "Tweet_on_odour": "FALSE",
        "Tweet_on_fabric": "FALSE",
        "Tweet_on_price": "FALSE"
    },
    {
        "Tweet_on_quality": "FALSE",
        "News": "The Cabuyao, plant produces the detergent brands Tide, Mr. Clean, Ariel, and Bonux, fabric conditioner Downey, dishwashing soap Joy, disposable feminine pads Whisper, and disposable baby diaper Pampers for local consumption and for export.",
        "sentiment": "Positive",
        "source_name": "http://www.philstar.com/business/807683/pg-invest-additional-p500-million",
        "Date": "11/15/17",
        "tweet_week_wise": "11/4/17",
        "Tweet_on_stain": "FALSE",
        "Tweet_on_odour": "FALSE",
        "Tweet_on_fabric": "TRUE",
        "Tweet_on_price": "FALSE"
    },
    {
        "Tweet_on_quality": "FALSE",
        "News": "The plant produces the detergent brands Tide, Ariel and Bonux, as well as fabric conditioner Downy, dishwashing soap Joy, disposable baby diapers Pampers and disposable feminine napkins Whisper.",
        "sentiment": "Positive",
        "source_name": "http://www.philstar.com/business/2012/11/17/867555/pg-allots-p22b-plant-expansion",
        "Date": "11/1/17",
        "tweet_week_wise": "11/11/17",
        "Tweet_on_stain": "FALSE",
        "Tweet_on_odour": "FALSE",
        "Tweet_on_fabric": "TRUE",
        "Tweet_on_price": "FALSE"
    },
    {
        "Tweet_on_quality": "FALSE",
        "News": "After a long day of traveling, use anti-bacterial laundry products to wash off germs and bacteria brought about by pollution, sweating, and coming in contact with the dirty surfaces of PUVs. For this, P&G offers Ariel with the Power of Safeguard, proven to remove 99.9 percent of germs. For added protection, P&G also has Downy Antibac that protects fabric and clothes from the growth of bacteria that can cause malodor.",
        "sentiment": "Positive",
        "source_name": "http://www.philstar.com/health-and-family/2013/05/28/946957/germ-expose-which-puv-metro-manila-dirtiest",
        "Date": "11/11/17",
        "tweet_week_wise": "11/18/17",
        "Tweet_on_stain": "FALSE",
        "Tweet_on_odour": "FALSE",
        "Tweet_on_fabric": "TRUE",
        "Tweet_on_price": "FALSE"
    },
    {
        "Tweet_on_quality": "FALSE",
        "News": "Proctor & Gamble stepped in by supplying Ariel laundry detergent and Downy fabric enhancer to Suds Laundry, along with providing financial assistance for the final sale event.",
        "sentiment": "Positive",
        "source_name": "http://www.philstar.com/ystyle/2013/11/15/1256696/heres-red-cross-pitch-buy-dress-give-life",
        "Date": "11/15/17",
        "tweet_week_wise": "11/4/17",
        "Tweet_on_stain": "FALSE",
        "Tweet_on_odour": "FALSE",
        "Tweet_on_fabric": "TRUE",
        "Tweet_on_price": "FALSE"
    },
    {
        "Tweet_on_quality": "FALSE",
        "News": "Lafferty points out P&G has chosen to involve the public in the program. He says for every purchase of specially-marked 3-Pid value packs of brand best-sellers Safeguard soap, Joy dishwashing liquid, Downy fabric conditioner and Tide and Ariel laundry powder, a portion goes towards a complete set of school supplies for one first grader.",
        "sentiment": "Positive",
        "source_name": "http://www.philstar.com/business-usual/430598/helping-needy-first-graders-get-great-start",
        "Date": "11/1/17",
        "tweet_week_wise": "1/0/00",
        "Tweet_on_stain": "FALSE",
        "Tweet_on_odour": "FALSE",
        "Tweet_on_fabric": "TRUE",
        "Tweet_on_price": "FALSE"
    }
]