[
    {
        "Tweet_on_quality": "FALSE",
        "News": "“Strong demand for Tide detergents and Febreze fragrances boosted sales at its Fabric and Home Care business by 2 percent.”",
        "sentiment": "Positive",
        "source_name": "https://timesofindia.indiatimes.com/business/international-business/pgs-quarterly-sales-drag-peltz-still-looms-in-board-battle/articleshow/61155531.cms",
        "Date": "11/1/17",
        "tweet_week_wise": "11/11/17",
        "Tweet_on_odour": "TRUE",
        "Tweet_on_usage": "FALSE",
        "Tweet_on_price": "FALSE"
    },
    {
        "Tweet_on_quality": "FALSE",
        "News": "Strong demand for Tide detergents and Febreze fragrances boosted sales at its Fabric and Home Care business by two percent.",
        "sentiment": "Positive",
        "source_name": "https://timesofindia.indiatimes.com/business/international-business/pgs-profit-beats-wall-street-on-higher-sales-of-beauty-home-care/articleshow/61154253.cms",
        "Date": "11/11/17",
        "tweet_week_wise": "11/18/17",
        "Tweet_on_odour": "TRUE",
        "Tweet_on_usage": "FALSE",
        "Tweet_on_price": "FALSE"
    },
    {
        "Tweet_on_quality": "FALSE",
        "News": "Strong demand for Tide detergents and Febreze fragrances boosted sales at its Fabric and Home Care business by 2 percent.",
        "sentiment": "Positive",
        "source_name": "https://timesofindia.indiatimes.com/business/international-business/pgs-quarterly-sales-drag-peltz-still-looms-in-board-battle/articleshow/61155061.cms",
        "Date": "11/15/17",
        "tweet_week_wise": "1/0/00",
        "Tweet_on_odour": "TRUE",
        "Tweet_on_usage": "FALSE",
        "Tweet_on_price": "FALSE"
    }
]