[
  {
    "id" : "978-0641723445",
    "name" : "The Lightning Thief",
    "author" : "Rick Riordan",
    "sequence_i" : 1,
    "genre_s" : "fantasy",
    "inStock" : true,
    "pages_i" : 384,
    "img_location":"assets/images/book1.jpg"
  }
,
  {
    "id" : "978-1423103349",
    "name" : "The Sea of Monsters",
    "author" : "Rick Riordan",
    "sequence_i" : 2,
    "genre_s" : "fantasy",
    "inStock" : true,
    "pages_i" : 304,
    "img_location":"assets/images/book2.jpeg"
  }
,
  {
    "id" : "978-1857995879",
    "name" : "Sophie's World : The Greek Philosophers",
    "author" : "Jostein Gaarder",
    "sequence_i" : 3,
    "genre_s" : "fantasy",
    "inStock" : true,
    "pages_i" : 64,
    "img_location":"assets/images/book3.jpg"
  }
,
  {
    "id" : "978-1933988177",
    "name" : "Lucene in Action, Second Edition",
    "author" : "Michael McCandless",
    "sequence_i" : 4,
    "genre_s" : "IT",
    "inStock" : true,
    "pages_i" : 475,
    "img_location":"assets/images/book1.jpg"
  }
  ,
  {
    "id" : "978-1857995879",
    "name" : "Sophie's World : The Greek Philosophers",
    "author" : "Jostein Gaarder",
    "sequence_i" : 5,
    "genre_s" : "fantasy",
    "inStock" : true,
    "pages_i" : 64,
    "img_location":"assets/images/book3.jpg"
  }
  ,
  {
    "id" : "978-1423103349",
    "name" : "The Sea of Monsters",
    "author" : "Rick Riordan",
    "sequence_i" : 6,
    "genre_s" : "fantasy",
    "inStock" : true,
    "pages_i" : 304,
    "img_location":"assets/images/book2.jpeg"
  }
  
]